DisplayName,EmailAddress,EmployeeID
Spencer Espinoza,sespinoza@landonhotel.com,Es7144
Campbell Manning,cmanning@landonhotel.com,Ma2003
Houston Cox,hcox@landonhotel.com,Co5453
Brisa Odonnell,bodonnell@landonhotel.com,Od7627
Naima Mora,nmora@landonhotel.com,Mo9089
Azul Ryce,aryce@landonhotel.com,Ri3491
Trenton Bryant,tbryant@landonhotel.com,Br2689
Tania Rich,trich@landonhotel.com,Ri5026
Mira Ryan,mryan@landonhotel.com,Ry3603
Elena Warren,ewarren@landonhotel.com,Wa5571
Jakayla Barrett,jbarrett@landonhotel.com,Ba3991
Kyler Paul,kpaul@landonhotel.com,Pa9020
Micaela Alexander,malexander@landonhotel.com,Al8117
Tanner Noble,tnoble@landonhotel.com,No3614
Karter Raymond,kraymond@landonhotel.com,Ra9749
Jensen Beltran,jbeltran@landonhotel.com,Be9845
Emanuel Rowland,erowland@landonhotel.com,Ro5139
Dawson Reynolds,dreynolds@landonhotel.com,Re8924
Lorelai Chung,lchung@landonhotel.com,Ch9449
Roman Bradley,rbradley@landonhotel.com,Br4019
Abigayle Tucker,atucker@landonhotel.com,Tu1802
Remington Boyle,rboyle@landonhotel.com,Bo7345
Lilly Krueger,lkrueger@landonhotel.com,Kr7977
Bernard Haney,bhaney@landonhotel.com,Ha1979
Livia Peters,lpeters@landonhotel.com,Pe8670
Kaydence Mack,kmack@landonhotel.com,Ma1087
Nina Cannon,ncannon@landonhotel.com,Ca2190
Kylee Reilly,kreilly@landonhotel.com,Re4945
Theresa Mcguire,tmcguire@landonhotel.com,Mc6259
Kael Lang,klang@landonhotel.com,La7291
Trey Acevedo,tacevedo@landonhotel.com,Ac4699
Elliot Carney,ecarney@landonhotel.com,Ca5252
Dayanara Nelson,dnelson@landonhotel.com,Ne5959
Britney Pratt,bpratt@landonhotel.com,Pr6836
Tony Morales,tmorales@landonhotel.com,Mo9965
